统计年份,统计月份,真实SPU,当月销量,全年销量,全年月均销量,月均系数比,当月订单数,全年订单数
2025,1,AL-1138,92,1438,119.8333,0.767733,92,1438
2025,2,AL-1138,130,1438,119.8333,1.08484,130,1438
2025,3,AL-1138,119,1438,119.8333,0.993046,119,1438
2025,4,AL-1138,92,1438,119.8333,0.767733,92,1438
2025,5,AL-1138,56,1438,119.8333,0.467316,56,1438
2025,6,AL-1138,30,1438,119.8333,0.250348,30,1438
2025,7,AL-1138,87,1438,119.8333,0.726009,87,1438
2025,8,AL-1138,185,1438,119.8333,1.543811,185,1438
2025,9,AL-1138,152,1438,119.8333,1.268429,152,1438
2025,10,AL-1138,225,1438,119.8333,1.877608,225,1438
2025,11,AL-1138,169,1438,119.8333,1.410292,169,1438
2025,12,AL-1138,101,1438,119.8333,0.842838,101,1438
2025,1,AL-GQTP,4,13,1.0833,3.692421,4,13
2025,2,AL-GQTP,0,13,1.0833,0,0,13
2025,3,AL-GQTP,3,13,1.0833,2.769316,3,13
2025,4,AL-GQTP,6,13,1.0833,5.538632,6,13
2025,5,AL-GQTP,0,13,1.0833,0,0,13
2025,6,AL-GQTP,0,13,1.0833,0,0,13
2025,7,AL-GQTP,0,13,1.0833,0,0,13
2025,8,AL-GQTP,0,13,1.0833,0,0,13
2025,9,AL-GQTP,0,13,1.0833,0,0,13
2025,10,AL-GQTP,0,13,1.0833,0,0,13
2025,11,AL-GQTP,0,13,1.0833,0,0,13
2025,12,AL-GQTP,0,13,1.0833,0,0,13
2025,1,AL-JP0170,28,50,4.1667,6.719946,28,50
2025,2,AL-JP0170,11,50,4.1667,2.639979,11,50
2025,3,AL-JP0170,8,50,4.1667,1.919985,8,50
2025,4,AL-JP0170,2,50,4.1667,0.479996,2,50
2025,5,AL-JP0170,1,50,4.1667,0.239998,1,50
2025,6,AL-JP0170,0,50,4.1667,0,0,50
2025,7,AL-JP0170,0,50,4.1667,0,0,50
2025,8,AL-JP0170,0,50,4.1667,0,0,50
2025,9,AL-JP0170,0,50,4.1667,0,0,50
2025,10,AL-JP0170,0,50,4.1667,0,0,50
2025,11,AL-JP0170,0,50,4.1667,0,0,50
2025,12,AL-JP0170,0,50,4.1667,0,0,50
2025,1,AL-S1708,1,10,0.8333,1.200048,1,10
2025,2,AL-S1708,2,10,0.8333,2.400096,2,10
2025,3,AL-S1708,4,10,0.8333,4.800192,4,10
2025,4,AL-S1708,0,10,0.8333,0,0,10
2025,5,AL-S1708,2,10,0.8333,2.400096,2,10
2025,6,AL-S1708,0,10,0.8333,0,0,10
2025,7,AL-S1708,1,10,0.8333,1.200048,1,10
2025,8,AL-S1708,0,10,0.8333,0,0,10
2025,9,AL-S1708,0,10,0.8333,0,0,10
2025,10,AL-S1708,0,10,0.8333,0,0,10
2025,11,AL-S1708,0,10,0.8333,0,0,10
2025,12,AL-S1708,0,10,0.8333,0,0,10
2025,1,AL-S1720,1,3,0.25,4,1,3
2025,2,AL-S1720,1,3,0.25,4,1,3
2025,3,AL-S1720,1,3,0.25,4,1,3
2025,4,AL-S1720,0,3,0.25,0,0,3
2025,5,AL-S1720,0,3,0.25,0,0,3
2025,6,AL-S1720,0,3,0.25,0,0,3
2025,7,AL-S1720,0,3,0.25,0,0,3
2025,8,AL-S1720,0,3,0.25,0,0,3
2025,9,AL-S1720,0,3,0.25,0,0,3
2025,10,AL-S1720,0,3,0.25,0,0,3
2025,11,AL-S1720,0,3,0.25,0,0,3
2025,12,AL-S1720,0,3,0.25,0,0,3
2025,1,AL-S1721,0,4,0.3333,0,0,4
2025,2,AL-S1721,1,4,0.3333,3.0003,1,4
2025,3,AL-S1721,2,4,0.3333,6.0006,2,4
2025,4,AL-S1721,1,4,0.3333,3.0003,1,4
2025,5,AL-S1721,0,4,0.3333,0,0,4
2025,6,AL-S1721,0,4,0.3333,0,0,4
2025,7,AL-S1721,0,4,0.3333,0,0,4
2025,8,AL-S1721,0,4,0.3333,0,0,4
2025,9,AL-S1721,0,4,0.3333,0,0,4
2025,10,AL-S1721,0,4,0.3333,0,0,4
2025,11,AL-S1721,0,4,0.3333,0,0,4
2025,12,AL-S1721,0,4,0.3333,0,0,4
2025,1,AL-S1763,0,1,0.0833,0,0,1
2025,2,AL-S1763,0,1,0.0833,0,0,1
2025,3,AL-S1763,1,1,0.0833,12.004802,1,1
2025,4,AL-S1763,0,1,0.0833,0,0,1
2025,5,AL-S1763,0,1,0.0833,0,0,1
2025,6,AL-S1763,0,1,0.0833,0,0,1
2025,7,AL-S1763,0,1,0.0833,0,0,1
2025,8,AL-S1763,0,1,0.0833,0,0,1
2025,9,AL-S1763,0,1,0.0833,0,0,1
2025,10,AL-S1763,0,1,0.0833,0,0,1
2025,11,AL-S1763,0,1,0.0833,0,0,1
2025,12,AL-S1763,0,1,0.0833,0,0,1
2025,1,AL-SZ2405,9,387,32.25,0.27907,9,387
2025,2,AL-SZ2405,2,387,32.25,0.062016,2,387
2025,3,AL-SZ2405,4,387,32.25,0.124031,4,387
2025,4,AL-SZ2405,6,387,32.25,0.186047,6,387
2025,5,AL-SZ2405,5,387,32.25,0.155039,5,387
2025,6,AL-SZ2405,1,387,32.25,0.031008,1,387
2025,7,AL-SZ2405,10,387,32.25,0.310078,10,387
2025,8,AL-SZ2405,218,387,32.25,6.75969,218,387
2025,9,AL-SZ2405,118,387,32.25,3.658915,118,387
2025,10,AL-SZ2405,8,387,32.25,0.248062,8,387
2025,11,AL-SZ2405,2,387,32.25,0.062016,2,387
2025,12,AL-SZ2405,4,387,32.25,0.124031,4,387
2025,1,"AL-SZ2405
AL-WT2404",3,55,4.5833,0.65455,3,55
2025,2,"AL-SZ2405
AL-WT2404",8,55,4.5833,1.745467,8,55
2025,3,"AL-SZ2405
AL-WT2404",20,55,4.5833,4.363668,20,55
2025,4,"AL-SZ2405
AL-WT2404",3,55,4.5833,0.65455,3,55
2025,5,"AL-SZ2405
AL-WT2404",7,55,4.5833,1.527284,7,55
2025,6,"AL-SZ2405
AL-WT2404",4,55,4.5833,0.872734,4,55
2025,7,"AL-SZ2405
AL-WT2404",7,55,4.5833,1.527284,7,55
2025,8,"AL-SZ2405
AL-WT2404",1,55,4.5833,0.218183,1,55
2025,9,"AL-SZ2405
AL-WT2404",2,55,4.5833,0.436367,2,55
2025,10,"AL-SZ2405
AL-WT2404",0,55,4.5833,0,0,55
2025,11,"AL-SZ2405
AL-WT2404",0,55,4.5833,0,0,55
2025,12,"AL-SZ2405
AL-WT2404",0,55,4.5833,0,0,55
2025,1,AL-W0083,5,9,0.75,6.666667,5,9
2025,2,AL-W0083,1,9,0.75,1.333333,1,9
2025,3,AL-W0083,1,9,0.75,1.333333,1,9
2025,4,AL-W0083,2,9,0.75,2.666667,2,9
2025,5,AL-W0083,0,9,0.75,0,0,9
2025,6,AL-W0083,0,9,0.75,0,0,9
2025,7,AL-W0083,0,9,0.75,0,0,9
2025,8,AL-W0083,0,9,0.75,0,0,9
2025,9,AL-W0083,0,9,0.75,0,0,9
2025,10,AL-W0083,0,9,0.75,0,0,9
2025,11,AL-W0083,0,9,0.75,0,0,9
2025,12,AL-W0083,0,9,0.75,0,0,9
2025,1,AL-W0150,235,665,55.4167,4.240599,235,665
2025,2,AL-W0150,122,665,55.4167,2.201502,122,665
2025,3,AL-W0150,74,665,55.4167,1.335338,74,665
2025,4,AL-W0150,30,665,55.4167,0.541353,30,665
2025,5,AL-W0150,9,665,55.4167,0.162406,9,665
2025,6,AL-W0150,10,665,55.4167,0.180451,10,665
2025,7,AL-W0150,14,665,55.4167,0.252631,14,665
2025,8,AL-W0150,32,665,55.4167,0.577443,32,665
2025,9,AL-W0150,11,665,55.4167,0.198496,11,665
2025,10,AL-W0150,22,665,55.4167,0.396992,22,665
2025,11,AL-W0150,83,665,55.4167,1.497743,83,665
2025,12,AL-W0150,23,665,55.4167,0.415037,23,665
2025,1,AL-W0156,5,6,0.5,10,5,6
2025,2,AL-W0156,1,6,0.5,2,1,6
2025,3,AL-W0156,0,6,0.5,0,0,6
2025,4,AL-W0156,0,6,0.5,0,0,6
2025,5,AL-W0156,0,6,0.5,0,0,6
2025,6,AL-W0156,0,6,0.5,0,0,6
2025,7,AL-W0156,0,6,0.5,0,0,6
2025,8,AL-W0156,0,6,0.5,0,0,6
2025,9,AL-W0156,0,6,0.5,0,0,6
2025,10,AL-W0156,0,6,0.5,0,0,6
2025,11,AL-W0156,0,6,0.5,0,0,6
2025,12,AL-W0156,0,6,0.5,0,0,6
2025,1,AL-W0161,1374,74146,6178.8333,0.222372,1374,74145
2025,2,AL-W0161,2462,74146,6178.8333,0.398457,2462,74145
2025,3,AL-W0161,2511,74146,6178.8333,0.406387,2511,74145
2025,4,AL-W0161,3915,74146,6178.8333,0.633615,3915,74145
2025,5,AL-W0161,3018,74146,6178.8333,0.488442,3018,74145
2025,6,AL-W0161,2717,74146,6178.8333,0.439727,2717,74145
2025,7,AL-W0161,6615,74146,6178.8333,1.07059,6615,74145
2025,8,AL-W0161,10371,74146,6178.8333,1.678472,10371,74145
2025,9,AL-W0161,11925,74146,6178.8333,1.929976,11924,74145
2025,10,AL-W0161,12572,74146,6178.8333,2.034688,12572,74145
2025,11,AL-W0161,10627,74146,6178.8333,1.719904,10627,74145
2025,12,AL-W0161,6039,74146,6178.8333,0.977369,6039,74145
2025,1,AL-W0169,9021,56156,4679.6667,1.927701,9021,56156
2025,2,AL-W0169,5412,56156,4679.6667,1.156493,5412,56156
2025,3,AL-W0169,3894,56156,4679.6667,0.832111,3894,56156
2025,4,AL-W0169,3557,56156,4679.6667,0.760097,3557,56156
2025,5,AL-W0169,2131,56156,4679.6667,0.455374,2131,56156
2025,6,AL-W0169,1587,56156,4679.6667,0.339127,1587,56156
2025,7,AL-W0169,5207,56156,4679.6667,1.112686,5207,56156
2025,8,AL-W0169,6344,56156,4679.6667,1.355652,6344,56156
2025,9,AL-W0169,4605,56156,4679.6667,0.984044,4605,56156
2025,10,AL-W0169,5327,56156,4679.6667,1.138329,5327,56156
2025,11,AL-W0169,5790,56156,4679.6667,1.237268,5790,56156
2025,12,AL-W0169,3281,56156,4679.6667,0.701118,3281,56156
2025,1,AL-W0180,0,4995,416.25,0,0,4995
2025,2,AL-W0180,0,4995,416.25,0,0,4995
2025,3,AL-W0180,0,4995,416.25,0,0,4995
2025,4,AL-W0180,0,4995,416.25,0,0,4995
2025,5,AL-W0180,0,4995,416.25,0,0,4995
2025,6,AL-W0180,0,4995,416.25,0,0,4995
2025,7,AL-W0180,0,4995,416.25,0,0,4995
2025,8,AL-W0180,25,4995,416.25,0.06006,25,4995
2025,9,AL-W0180,271,4995,416.25,0.651051,271,4995
2025,10,AL-W0180,1060,4995,416.25,2.546547,1060,4995
2025,11,AL-W0180,2153,4995,416.25,5.172372,2153,4995
2025,12,AL-W0180,1486,4995,416.25,3.56997,1486,4995
2025,1,AL-W0183,0,2,0.1667,0,0,2
2025,2,AL-W0183,0,2,0.1667,0,0,2
2025,3,AL-W0183,2,2,0.1667,11.9976,2,2
2025,4,AL-W0183,0,2,0.1667,0,0,2
2025,5,AL-W0183,0,2,0.1667,0,0,2
2025,6,AL-W0183,0,2,0.1667,0,0,2
2025,7,AL-W0183,0,2,0.1667,0,0,2
2025,8,AL-W0183,0,2,0.1667,0,0,2
2025,9,AL-W0183,0,2,0.1667,0,0,2
2025,10,AL-W0183,0,2,0.1667,0,0,2
2025,11,AL-W0183,0,2,0.1667,0,0,2
2025,12,AL-W0183,0,2,0.1667,0,0,2
2025,1,AL-W0190B,299,1135,94.5833,3.161235,299,1135
2025,2,AL-W0190B,161,1135,94.5833,1.702203,161,1135
2025,3,AL-W0190B,157,1135,94.5833,1.659912,157,1135
2025,4,AL-W0190B,91,1135,94.5833,0.962115,91,1135
2025,5,AL-W0190B,47,1135,94.5833,0.496916,47,1135
2025,6,AL-W0190B,30,1135,94.5833,0.317181,30,1135
2025,7,AL-W0190B,64,1135,94.5833,0.676652,64,1135
2025,8,AL-W0190B,79,1135,94.5833,0.835243,79,1135
2025,9,AL-W0190B,27,1135,94.5833,0.285463,27,1135
2025,10,AL-W0190B,46,1135,94.5833,0.486344,46,1135
2025,11,AL-W0190B,96,1135,94.5833,1.014978,96,1135
2025,12,AL-W0190B,38,1135,94.5833,0.401762,38,1135
2025,1,AL-W0197,0,2,0.1667,0,0,2
2025,2,AL-W0197,0,2,0.1667,0,0,2
2025,3,AL-W0197,0,2,0.1667,0,0,2
2025,4,AL-W0197,0,2,0.1667,0,0,2
2025,5,AL-W0197,0,2,0.1667,0,0,2
2025,6,AL-W0197,0,2,0.1667,0,0,2
2025,7,AL-W0197,0,2,0.1667,0,0,2
2025,8,AL-W0197,0,2,0.1667,0,0,2
2025,9,AL-W0197,0,2,0.1667,0,0,2
2025,10,AL-W0197,2,2,0.1667,11.9976,2,2
2025,11,AL-W0197,0,2,0.1667,0,0,2
2025,12,AL-W0197,0,2,0.1667,0,0,2
2025,1,AL-W0199,0,637,53.0833,0,0,637
2025,2,AL-W0199,246,637,53.0833,4.634226,246,637
2025,3,AL-W0199,171,637,53.0833,3.221352,171,637
2025,4,AL-W0199,31,637,53.0833,0.583988,31,637
2025,5,AL-W0199,21,637,53.0833,0.395605,21,637
2025,6,AL-W0199,7,637,53.0833,0.131868,7,637
2025,7,AL-W0199,10,637,53.0833,0.188383,10,637
2025,8,AL-W0199,15,637,53.0833,0.282575,15,637
2025,9,AL-W0199,2,637,53.0833,0.037677,2,637
2025,10,AL-W0199,12,637,53.0833,0.22606,12,637
2025,11,AL-W0199,11,637,53.0833,0.207221,11,637
2025,12,AL-W0199,111,637,53.0833,2.091053,111,637
2025,1,AL-W0211,14,106,8.8333,1.584912,14,106
2025,2,AL-W0211,8,106,8.8333,0.905664,8,106
2025,3,AL-W0211,13,106,8.8333,1.471704,13,106
2025,4,AL-W0211,4,106,8.8333,0.452832,4,106
2025,5,AL-W0211,10,106,8.8333,1.13208,10,106
2025,6,AL-W0211,8,106,8.8333,0.905664,8,106
2025,7,AL-W0211,17,106,8.8333,1.924536,17,106
2025,8,AL-W0211,18,106,8.8333,2.037744,18,106
2025,9,AL-W0211,12,106,8.8333,1.358496,12,106
2025,10,AL-W0211,1,106,8.8333,0.113208,1,106
2025,11,AL-W0211,0,106,8.8333,0,0,106
2025,12,AL-W0211,1,106,8.8333,0.113208,1,106
2025,1,AL-W0357,0,61,5.0833,0,0,61
2025,2,AL-W0357,0,61,5.0833,0,0,61
2025,3,AL-W0357,0,61,5.0833,0,0,61
2025,4,AL-W0357,0,61,5.0833,0,0,61
2025,5,AL-W0357,1,61,5.0833,0.196723,1,61
2025,6,AL-W0357,1,61,5.0833,0.196723,1,61
2025,7,AL-W0357,3,61,5.0833,0.590168,3,61
2025,8,AL-W0357,4,61,5.0833,0.78689,4,61
2025,9,AL-W0357,19,61,5.0833,3.737729,19,61
2025,10,AL-W0357,29,61,5.0833,5.704955,29,61
2025,11,AL-W0357,4,61,5.0833,0.78689,4,61
2025,12,AL-W0357,0,61,5.0833,0,0,61
2025,1,AL-W0392,0,1,0.0833,0,0,1
2025,2,AL-W0392,0,1,0.0833,0,0,1
2025,3,AL-W0392,0,1,0.0833,0,0,1
2025,4,AL-W0392,0,1,0.0833,0,0,1
2025,5,AL-W0392,0,1,0.0833,0,0,1
2025,6,AL-W0392,0,1,0.0833,0,0,1
2025,7,AL-W0392,0,1,0.0833,0,0,1
2025,8,AL-W0392,0,1,0.0833,0,0,1
2025,9,AL-W0392,1,1,0.0833,12.004802,1,1
2025,10,AL-W0392,0,1,0.0833,0,0,1
2025,11,AL-W0392,0,1,0.0833,0,0,1
2025,12,AL-W0392,0,1,0.0833,0,0,1
2025,1,AL-W0518,0,588,49,0,0,588
2025,2,AL-W0518,0,588,49,0,0,588
2025,3,AL-W0518,0,588,49,0,0,588
2025,4,AL-W0518,0,588,49,0,0,588
2025,5,AL-W0518,0,588,49,0,0,588
2025,6,AL-W0518,0,588,49,0,0,588
2025,7,AL-W0518,0,588,49,0,0,588
2025,8,AL-W0518,149,588,49,3.040816,149,588
2025,9,AL-W0518,195,588,49,3.979592,195,588
2025,10,AL-W0518,161,588,49,3.285714,161,588
2025,11,AL-W0518,66,588,49,1.346939,66,588
2025,12,AL-W0518,17,588,49,0.346939,17,588
2025,1,AL-W0739,0,10,0.8333,0,0,10
2025,2,AL-W0739,0,10,0.8333,0,0,10
2025,3,AL-W0739,0,10,0.8333,0,0,10
2025,4,AL-W0739,0,10,0.8333,0,0,10
2025,5,AL-W0739,0,10,0.8333,0,0,10
2025,6,AL-W0739,0,10,0.8333,0,0,10
2025,7,AL-W0739,0,10,0.8333,0,0,10
2025,8,AL-W0739,3,10,0.8333,3.600144,3,10
2025,9,AL-W0739,3,10,0.8333,3.600144,3,10
2025,10,AL-W0739,4,10,0.8333,4.800192,4,10
2025,11,AL-W0739,0,10,0.8333,0,0,10
2025,12,AL-W0739,0,10,0.8333,0,0,10
2025,1,AL-W1189,0,527,43.9167,0,0,527
2025,2,AL-W1189,11,527,43.9167,0.250474,11,527
2025,3,AL-W1189,16,527,43.9167,0.364326,16,527
2025,4,AL-W1189,39,527,43.9167,0.888045,39,527
2025,5,AL-W1189,46,527,43.9167,1.047438,46,527
2025,6,AL-W1189,51,527,43.9167,1.161289,51,527
2025,7,AL-W1189,97,527,43.9167,2.208727,97,527
2025,8,AL-W1189,98,527,43.9167,2.231497,98,527
2025,9,AL-W1189,35,527,43.9167,0.796963,35,527
2025,10,AL-W1189,59,527,43.9167,1.343452,59,527
2025,11,AL-W1189,52,527,43.9167,1.18406,52,527
2025,12,AL-W1189,23,527,43.9167,0.523719,23,527
2025,1,AL-W1896,0,4,0.3333,0,0,4
2025,2,AL-W1896,0,4,0.3333,0,0,4
2025,3,AL-W1896,0,4,0.3333,0,0,4
2025,4,AL-W1896,0,4,0.3333,0,0,4
2025,5,AL-W1896,0,4,0.3333,0,0,4
2025,6,AL-W1896,0,4,0.3333,0,0,4
2025,7,AL-W1896,0,4,0.3333,0,0,4
2025,8,AL-W1896,0,4,0.3333,0,0,4
2025,9,AL-W1896,0,4,0.3333,0,0,4
2025,10,AL-W1896,2,4,0.3333,6.0006,2,4
2025,11,AL-W1896,0,4,0.3333,0,0,4
2025,12,AL-W1896,2,4,0.3333,6.0006,2,4
2025,1,AL-W1962,0,3,0.25,0,0,3
2025,2,AL-W1962,0,3,0.25,0,0,3
2025,3,AL-W1962,0,3,0.25,0,0,3
2025,4,AL-W1962,0,3,0.25,0,0,3
2025,5,AL-W1962,0,3,0.25,0,0,3
2025,6,AL-W1962,0,3,0.25,0,0,3
2025,7,AL-W1962,0,3,0.25,0,0,3
2025,8,AL-W1962,0,3,0.25,0,0,3
2025,9,AL-W1962,3,3,0.25,12,3,3
2025,10,AL-W1962,0,3,0.25,0,0,3
2025,11,AL-W1962,0,3,0.25,0,0,3
2025,12,AL-W1962,0,3,0.25,0,0,3
2025,1,AL-W1965,0,3,0.25,0,0,3
2025,2,AL-W1965,0,3,0.25,0,0,3
2025,3,AL-W1965,0,3,0.25,0,0,3
2025,4,AL-W1965,0,3,0.25,0,0,3
2025,5,AL-W1965,0,3,0.25,0,0,3
2025,6,AL-W1965,0,3,0.25,0,0,3
2025,7,AL-W1965,0,3,0.25,0,0,3
2025,8,AL-W1965,2,3,0.25,8,2,3
2025,9,AL-W1965,1,3,0.25,4,1,3
2025,10,AL-W1965,0,3,0.25,0,0,3
2025,11,AL-W1965,0,3,0.25,0,0,3
2025,12,AL-W1965,0,3,0.25,0,0,3
2025,1,AL-W2467,0,135,11.25,0,0,135
2025,2,AL-W2467,21,135,11.25,1.866667,21,135
2025,3,AL-W2467,39,135,11.25,3.466667,39,135
2025,4,AL-W2467,34,135,11.25,3.022222,34,135
2025,5,AL-W2467,10,135,11.25,0.888889,10,135
2025,6,AL-W2467,8,135,11.25,0.711111,8,135
2025,7,AL-W2467,12,135,11.25,1.066667,12,135
2025,8,AL-W2467,5,135,11.25,0.444444,5,135
2025,9,AL-W2467,1,135,11.25,0.088889,1,135
2025,10,AL-W2467,5,135,11.25,0.444444,5,135
2025,11,AL-W2467,0,135,11.25,0,0,135
2025,12,AL-W2467,0,135,11.25,0,0,135
2025,1,AL-W2492,0,302,25.1667,0,0,302
2025,2,AL-W2492,44,302,25.1667,1.748342,44,302
2025,3,AL-W2492,79,302,25.1667,3.139069,79,302
2025,4,AL-W2492,98,302,25.1667,3.894035,98,302
2025,5,AL-W2492,35,302,25.1667,1.390727,35,302
2025,6,AL-W2492,12,302,25.1667,0.476821,12,302
2025,7,AL-W2492,25,302,25.1667,0.993376,25,302
2025,8,AL-W2492,4,302,25.1667,0.15894,4,302
2025,9,AL-W2492,0,302,25.1667,0,0,302
2025,10,AL-W2492,3,302,25.1667,0.119205,3,302
2025,11,AL-W2492,2,302,25.1667,0.07947,2,302
2025,12,AL-W2492,0,302,25.1667,0,0,302
2025,1,AL-W4959,0,20,1.6667,0,0,20
2025,2,AL-W4959,0,20,1.6667,0,0,20
2025,3,AL-W4959,7,20,1.6667,4.199916,7,20
2025,4,AL-W4959,7,20,1.6667,4.199916,7,20
2025,5,AL-W4959,1,20,1.6667,0.599988,1,20
2025,6,AL-W4959,1,20,1.6667,0.599988,1,20
2025,7,AL-W4959,3,20,1.6667,1.799964,3,20
2025,8,AL-W4959,1,20,1.6667,0.599988,1,20
2025,9,AL-W4959,0,20,1.6667,0,0,20
2025,10,AL-W4959,0,20,1.6667,0,0,20
2025,11,AL-W4959,0,20,1.6667,0,0,20
2025,12,AL-W4959,0,20,1.6667,0,0,20
2025,1,AL-W5558,0,3,0.25,0,0,3
2025,2,AL-W5558,0,3,0.25,0,0,3
2025,3,AL-W5558,0,3,0.25,0,0,3
2025,4,AL-W5558,0,3,0.25,0,0,3
2025,5,AL-W5558,0,3,0.25,0,0,3
2025,6,AL-W5558,0,3,0.25,0,0,3
2025,7,AL-W5558,0,3,0.25,0,0,3
2025,8,AL-W5558,0,3,0.25,0,0,3
2025,9,AL-W5558,0,3,0.25,0,0,3
2025,10,AL-W5558,0,3,0.25,0,0,3
2025,11,AL-W5558,0,3,0.25,0,0,3
2025,12,AL-W5558,3,3,0.25,12,3,3
2025,1,AL-WT2404,1788,11476,956.3333,1.869641,1788,11476
2025,2,AL-WT2404,711,11476,956.3333,0.743465,711,11476
2025,3,AL-WT2404,1005,11476,956.3333,1.050889,1005,11476
2025,4,AL-WT2404,1566,11476,956.3333,1.637504,1566,11476
2025,5,AL-WT2404,1010,11476,956.3333,1.056117,1010,11476
2025,6,AL-WT2404,565,11476,956.3333,0.590798,565,11476
2025,7,AL-WT2404,1683,11476,956.3333,1.759847,1683,11476
2025,8,AL-WT2404,1744,11476,956.3333,1.823632,1744,11476
2025,9,AL-WT2404,840,11476,956.3333,0.878355,840,11476
2025,10,AL-WT2404,377,11476,956.3333,0.394214,377,11476
2025,11,AL-WT2404,43,11476,956.3333,0.044963,43,11476
2025,12,AL-WT2404,144,11476,956.3333,0.150575,144,11476
2025,1,AL-WY2406,1,1,0.0833,12.004802,1,1
2025,2,AL-WY2406,0,1,0.0833,0,0,1
2025,3,AL-WY2406,0,1,0.0833,0,0,1
2025,4,AL-WY2406,0,1,0.0833,0,0,1
2025,5,AL-WY2406,0,1,0.0833,0,0,1
2025,6,AL-WY2406,0,1,0.0833,0,0,1
2025,7,AL-WY2406,0,1,0.0833,0,0,1
2025,8,AL-WY2406,0,1,0.0833,0,0,1
2025,9,AL-WY2406,0,1,0.0833,0,0,1
2025,10,AL-WY2406,0,1,0.0833,0,0,1
2025,11,AL-WY2406,0,1,0.0833,0,0,1
2025,12,AL-WY2406,0,1,0.0833,0,0,1
2025,1,AL-WY2410,7,21,1.75,4,7,21
2025,2,AL-WY2410,2,21,1.75,1.142857,2,21
2025,3,AL-WY2410,1,21,1.75,0.571429,1,21
2025,4,AL-WY2410,3,21,1.75,1.714286,3,21
2025,5,AL-WY2410,0,21,1.75,0,0,21
2025,6,AL-WY2410,0,21,1.75,0,0,21
2025,7,AL-WY2410,3,21,1.75,1.714286,3,21
2025,8,AL-WY2410,2,21,1.75,1.142857,2,21
2025,9,AL-WY2410,0,21,1.75,0,0,21
2025,10,AL-WY2410,3,21,1.75,1.714286,3,21
2025,11,AL-WY2410,0,21,1.75,0,0,21
2025,12,AL-WY2410,0,21,1.75,0,0,21
2025,1,ALYMX-DROPSW,526,2440,203.3333,2.586886,526,2440
2025,2,ALYMX-DROPSW,249,2440,203.3333,1.22459,249,2440
2025,3,ALYMX-DROPSW,111,2440,203.3333,0.545902,111,2440
2025,4,ALYMX-DROPSW,42,2440,203.3333,0.206557,42,2440
2025,5,ALYMX-DROPSW,26,2440,203.3333,0.127869,26,2440
2025,6,ALYMX-DROPSW,27,2440,203.3333,0.132787,27,2440
2025,7,ALYMX-DROPSW,173,2440,203.3333,0.85082,173,2440
2025,8,ALYMX-DROPSW,417,2440,203.3333,2.05082,417,2440
2025,9,ALYMX-DROPSW,335,2440,203.3333,1.647541,335,2440
2025,10,ALYMX-DROPSW,246,2440,203.3333,1.209836,246,2440
2025,11,ALYMX-DROPSW,199,2440,203.3333,0.978689,199,2440
2025,12,ALYMX-DROPSW,89,2440,203.3333,0.437705,89,2440
2025,1,E24B0386,0,12,1,0,0,12
2025,2,E24B0386,0,12,1,0,0,12
2025,3,E24B0386,0,12,1,0,0,12
2025,4,E24B0386,0,12,1,0,0,12
2025,5,E24B0386,0,12,1,0,0,12
2025,6,E24B0386,0,12,1,0,0,12
2025,7,E24B0386,0,12,1,0,0,12
2025,8,E24B0386,0,12,1,0,0,12
2025,9,E24B0386,0,12,1,0,0,12
2025,10,E24B0386,0,12,1,0,0,12
2025,11,E24B0386,3,12,1,3,3,12
2025,12,E24B0386,9,12,1,9,9,12
2025,1,E24H0603,0,9,0.75,0,0,9
2025,2,E24H0603,0,9,0.75,0,0,9
2025,3,E24H0603,0,9,0.75,0,0,9
2025,4,E24H0603,0,9,0.75,0,0,9
2025,5,E24H0603,0,9,0.75,0,0,9
2025,6,E24H0603,0,9,0.75,0,0,9
2025,7,E24H0603,0,9,0.75,0,0,9
2025,8,E24H0603,0,9,0.75,0,0,9
2025,9,E24H0603,0,9,0.75,0,0,9
2025,10,E24H0603,9,9,0.75,12,9,9
2025,11,E24H0603,0,9,0.75,0,0,9
2025,12,E24H0603,0,9,0.75,0,0,9
2025,1,E24Q0287,0,4,0.3333,0,0,4
2025,2,E24Q0287,0,4,0.3333,0,0,4
2025,3,E24Q0287,0,4,0.3333,0,0,4
2025,4,E24Q0287,0,4,0.3333,0,0,4
2025,5,E24Q0287,0,4,0.3333,0,0,4
2025,6,E24Q0287,0,4,0.3333,0,0,4
2025,7,E24Q0287,0,4,0.3333,0,0,4
2025,8,E24Q0287,0,4,0.3333,0,0,4
2025,9,E24Q0287,0,4,0.3333,0,0,4
2025,10,E24Q0287,0,4,0.3333,0,0,4
2025,11,E24Q0287,2,4,0.3333,6.0006,2,4
2025,12,E24Q0287,2,4,0.3333,6.0006,2,4
2025,1,E24T0516,0,3,0.25,0,0,3
2025,2,E24T0516,0,3,0.25,0,0,3
2025,3,E24T0516,0,3,0.25,0,0,3
2025,4,E24T0516,0,3,0.25,0,0,3
2025,5,E24T0516,0,3,0.25,0,0,3
2025,6,E24T0516,0,3,0.25,0,0,3
2025,7,E24T0516,0,3,0.25,0,0,3
2025,8,E24T0516,0,3,0.25,0,0,3
2025,9,E24T0516,0,3,0.25,0,0,3
2025,10,E24T0516,2,3,0.25,8,2,3
2025,11,E24T0516,1,3,0.25,4,1,3
2025,12,E24T0516,0,3,0.25,0,0,3
2025,1,E25V1779,0,9,0.75,0,0,9
2025,2,E25V1779,0,9,0.75,0,0,9
2025,3,E25V1779,0,9,0.75,0,0,9
2025,4,E25V1779,0,9,0.75,0,0,9
2025,5,E25V1779,0,9,0.75,0,0,9
2025,6,E25V1779,0,9,0.75,0,0,9
2025,7,E25V1779,0,9,0.75,0,0,9
2025,8,E25V1779,0,9,0.75,0,0,9
2025,9,E25V1779,0,9,0.75,0,0,9
2025,10,E25V1779,1,9,0.75,1.333333,1,9
2025,11,E25V1779,6,9,0.75,8,6,9
2025,12,E25V1779,2,9,0.75,2.666667,2,9
2025,1,EKCW,0,9,0.75,0,0,9
2025,2,EKCW,0,9,0.75,0,0,9
2025,3,EKCW,0,9,0.75,0,0,9
2025,4,EKCW,0,9,0.75,0,0,9
2025,5,EKCW,0,9,0.75,0,0,9
2025,6,EKCW,0,9,0.75,0,0,9
2025,7,EKCW,0,9,0.75,0,0,9
2025,8,EKCW,0,9,0.75,0,0,9
2025,9,EKCW,0,9,0.75,0,0,9
2025,10,EKCW,0,9,0.75,0,0,9
2025,11,EKCW,7,9,0.75,9.333333,7,9
2025,12,EKCW,2,9,0.75,2.666667,2,9
2025,1,FYR016-Flower,0,16,1.3333,0,0,16
2025,2,FYR016-Flower,0,16,1.3333,0,0,16
2025,3,FYR016-Flower,0,16,1.3333,0,0,16
2025,4,FYR016-Flower,0,16,1.3333,0,0,16
2025,5,FYR016-Flower,0,16,1.3333,0,0,16
2025,6,FYR016-Flower,0,16,1.3333,0,0,16
2025,7,FYR016-Flower,0,16,1.3333,0,0,16
2025,8,FYR016-Flower,0,16,1.3333,0,0,16
2025,9,FYR016-Flower,4,16,1.3333,3.000075,4,16
2025,10,FYR016-Flower,2,16,1.3333,1.500038,2,16
2025,11,FYR016-Flower,3,16,1.3333,2.250056,3,16
2025,12,FYR016-Flower,7,16,1.3333,5.250131,7,16
2025,1,"HF001-TW
HF001-CS",0,6,0.5,0,0,6
2025,2,"HF001-TW
HF001-CS",0,6,0.5,0,0,6
2025,3,"HF001-TW
HF001-CS",0,6,0.5,0,0,6
2025,4,"HF001-TW
HF001-CS",0,6,0.5,0,0,6
2025,5,"HF001-TW
HF001-CS",0,6,0.5,0,0,6
2025,6,"HF001-TW
HF001-CS",0,6,0.5,0,0,6
2025,7,"HF001-TW
HF001-CS",0,6,0.5,0,0,6
2025,8,"HF001-TW
HF001-CS",0,6,0.5,0,0,6
2025,9,"HF001-TW
HF001-CS",0,6,0.5,0,0,6
2025,10,"HF001-TW
HF001-CS",6,6,0.5,12,6,6
2025,11,"HF001-TW
HF001-CS",0,6,0.5,0,0,6
2025,12,"HF001-TW
HF001-CS",0,6,0.5,0,0,6
2025,1,MT20,0,1,0.0833,0,0,1
2025,2,MT20,0,1,0.0833,0,0,1
2025,3,MT20,0,1,0.0833,0,0,1
2025,4,MT20,0,1,0.0833,0,0,1
2025,5,MT20,0,1,0.0833,0,0,1
2025,6,MT20,0,1,0.0833,0,0,1
2025,7,MT20,0,1,0.0833,0,0,1
2025,8,MT20,0,1,0.0833,0,0,1
2025,9,MT20,0,1,0.0833,0,0,1
2025,10,MT20,0,1,0.0833,0,0,1
2025,11,MT20,1,1,0.0833,12.004802,1,1
2025,12,MT20,0,1,0.0833,0,0,1
2025,1,MY0066,0,1,0.0833,0,0,1
2025,2,MY0066,0,1,0.0833,0,0,1
2025,3,MY0066,0,1,0.0833,0,0,1
2025,4,MY0066,0,1,0.0833,0,0,1
2025,5,MY0066,0,1,0.0833,0,0,1
2025,6,MY0066,0,1,0.0833,0,0,1
2025,7,MY0066,0,1,0.0833,0,0,1
2025,8,MY0066,0,1,0.0833,0,0,1
2025,9,MY0066,0,1,0.0833,0,0,1
2025,10,MY0066,1,1,0.0833,12.004802,1,1
2025,11,MY0066,0,1,0.0833,0,0,1
2025,12,MY0066,0,1,0.0833,0,0,1
2025,1,N26,0,13,1.0833,0,0,13
2025,2,N26,0,13,1.0833,0,0,13
2025,3,N26,0,13,1.0833,0,0,13
2025,4,N26,0,13,1.0833,0,0,13
2025,5,N26,0,13,1.0833,0,0,13
2025,6,N26,0,13,1.0833,0,0,13
2025,7,N26,0,13,1.0833,0,0,13
2025,8,N26,0,13,1.0833,0,0,13
2025,9,N26,0,13,1.0833,0,0,13
2025,10,N26,3,13,1.0833,2.769316,3,13
2025,11,N26,9,13,1.0833,8.307948,9,13
2025,12,N26,1,13,1.0833,0.923105,1,13
2025,1,manghe-random,0,13,1.0833,0,0,13
2025,2,manghe-random,0,13,1.0833,0,0,13
2025,3,manghe-random,0,13,1.0833,0,0,13
2025,4,manghe-random,0,13,1.0833,0,0,13
2025,5,manghe-random,0,13,1.0833,0,0,13
2025,6,manghe-random,0,13,1.0833,0,0,13
2025,7,manghe-random,0,13,1.0833,0,0,13
2025,8,manghe-random,0,13,1.0833,0,0,13
2025,9,manghe-random,0,13,1.0833,0,0,13
2025,10,manghe-random,0,13,1.0833,0,0,13
2025,11,manghe-random,5,13,1.0833,4.615527,5,13
2025,12,manghe-random,8,13,1.0833,7.384843,8,13
